user_id,login_count,unique_login_times,unique_devices,unique_ips,unique_login_methods,unique_locations,location_change_rate,avg_login_interval,std_login_interval,max_login_interval,avg_session_duration,std_session_duration,max_session_duration,session_count,avg_transaction_amount,std_transaction_amount,max_transaction_amount,total_transaction_amount,transaction_count,unique_transaction_types,unique_features_used,feature_usage_count,total_frequency,anomaly_score,is_anomaly,lof_is_anomaly,lof_anomaly_score,consensus_anomaly
USER_000003,5,5,2,5,3,5,1.0,565581.75,610559.607230053,1475145.0,2829.6666666666665,490.70391615854606,3395.0,3.0,3163.5866666666666,2639.2727756111817,7694.03,56944.56,18,3,5,36,101,-0.6476049441037279,True,True,1.7623941114375115,True
USER_000008,6,6,2,6,3,6,1.0,451962.0,681436.25840683,1660521.0,2401.0,1348.749297188572,3533.0,4.0,5516.043333333333,3205.2826517264934,9888.89,99288.78,18,3,5,24,70,-0.5465685225280951,True,True,1.523387698810526,True
USER_000013,9,9,3,9,3,9,1.0,216282.125,197460.7995118,683332.0,1647.625,1184.4289688043168,3486.0,8.0,4976.071666666667,1955.5078106621322,7375.4,59712.86,12,3,5,31,95,-0.5275093462541898,True,True,1.3956844373797863,True
USER_000034,4,4,3,4,2,4,1.0,647219.3333333334,945199.9716569681,1738599.0,1751.142857142857,813.4980902602924,3206.0,7.0,4702.964782608696,2607.314406873426,9830.87,108168.19,23,3,5,42,140,-0.6145164982074535,True,True,2.2487955165242397,True
USER_000043,3,3,1,3,2,3,1.0,351785.5,165350.55681944345,468706.0,1196.5,976.9177549824755,3038.0,6.0,4623.3275,3241.215354479624,9300.33,92466.55,20,3,5,30,89,-0.5641982642841589,True,True,1.3916645142585222,True
USER_000045,8,8,3,8,3,8,1.0,300224.5714285714,303641.0227927364,875976.0,1687.5,970.9035310815729,2825.0,4.0,4497.616875,3512.8297247731184,9844.72,71961.87,16,3,4,30,98,-0.5759303234132628,True,True,3.8217613327501505,True
USER_000072,6,6,3,6,2,6,1.0,492918.8,467217.6016169553,1297034.0,1444.0,407.7070026379238,1859.0,3.0,5349.228571428571,2480.3705585994676,9496.54,74889.2,14,3,5,32,89,-0.5059801497735176,True,True,1.3043359978744178,True
USER_000082,10,10,3,10,3,10,1.0,280310.55555555556,288711.2087814184,981827.0,800.0,149.90663761154806,906.0,2.0,3627.986923076923,2491.438048679198,7773.57,47163.83,13,3,5,37,115,-0.5029040262153974,True,True,1.3714199669447795,True
